{
    "166692371981926400": {
        "tkn": "hoRp3G5LSC4c9vlBIuKFJffHTksR9p",
        "rt": "MLiWizt9Z6srVoCjAUKmCfrMB5iZb7"
    },
    "1087362611806490704": {
        "tkn": "63M3wE39Zo0dF5iVbGnyZuvdsM617m",
        "rt": "xigaWxgKaDbMvWdwgyqaxhVEGKhKlf"
    },
    "1112409926204133468": {
        "tkn": "mGqEmQl1yIw7Oyo0yd3si0CCFJYUsH",
        "rt": "pkkXicGjUtuLzEdxFb5Eq4Xya169kW"
    },
    "1211940826410782764": {
        "tkn": "71L6ApJUqc8aSVFT0T1cMbUmbQ5eE5",
        "rt": "kukTKrVd19IVIJ5IjiUqFXp4f4b4Q8"
    },
    "1054014976769134592": {
        "tkn": "g6fv28rMjsPGjC8N25TmDLipJh90bT",
        "rt": "k9QGZ0xk3XqaNeSf3l6sSw4NqKeEyj"
    },
    "1192044183788200008": {
        "tkn": "utiou28Hs9kFZje5KAwrRKUKuA7Qn7",
        "rt": "kivCEm8omnNcnMMVgrcN1V77JUmuWR"
    },
    "1088107947185406092": {
        "tkn": "Mazh9Ina8y1kbmcX1LuMzp9BZg6Q87",
        "rt": "vp9jjCAhWNvRG9utzcLig7LqdVJJu4"
    },
    "1082598159286546513": {
        "tkn": "kZ6jKfQoNNkz6MSPcvML3hrADet5rM",
        "rt": "3405zkLhTFYi2js7qWnR46wmYIIBlB"
    },
    "1163195763128537108": {
        "tkn": "9M4GkxqBkX4b15aoQs4aMAEUPK1T6I",
        "rt": "mkwd4PL2GvGx75k2r93nRg7xUVps87"
    },
    "1163195761245311077": {
        "tkn": "TP7wkJroIKxr3BPwVgediqwbNBzu7D",
        "rt": "vDfFnPhyHyo6IKJa1gTspz5oxzlrpP"
    },
    "1163198818502836334": {
        "tkn": "q40b56aeawZ5sXmfPC7Topd4YDHOhy",
        "rt": "7MAHFpDJX0ndW8ci7wsmoXLYDj59DL"
    },
    "1163195763145322566": {
        "tkn": "V9rzXl6IgyzGU3tctKGEwWp1XlQtg4",
        "rt": "DFZKvQpjuozFNgOkdrzWOq1nlTVbwT"
    },
    "1163195763002708109": {
        "tkn": "LhxnVuH00tlnWEPdNw3XuEhZhAHEW9",
        "rt": "9I1uvTwAzPFBAP37AFUazPjyXWWUJq"
    },
    "1163198796918956083": {
        "tkn": "BPh6xfZPWPx3Jiogekdv15ToHODxM4",
        "rt": "10wtJ0PaTOF1qigQw0FTx4iiRDhErD"
    },
    "1163195762801393694": {
        "tkn": "bHNirAXriO87wPVTwmlH6VVVa7hCDS",
        "rt": "44DQeAnwq1MzwAArdDJdCKF85Ns0nk"
    },
    "1163195762323226725": {
        "tkn": "h5mrkBrwAAXqoLHWijl5qGknEXdtca",
        "rt": "mPU0clPCGVtnHGDOYwUlIn90v2zp2R"
    },
    "1163198818389602436": {
        "tkn": "WcAJAfT4DxPMVMny1CPcTUZpeCGhgg",
        "rt": "pjuLQT8fNa3NInKZmjfpFyF3Y1Lp8U"
    },
    "1163195762751053904": {
        "tkn": "WsOP8xsFfQYrLrqI1qlQEZjcROo3ZG",
        "rt": "DR0aGAJIUkPhGBhdodzu7AmVyfIBh0"
    },
    "1163195762956566628": {
        "tkn": "VRnqJAUMZ99rmJi1QtMemvX2mU65MJ",
        "rt": "fWJjlwoj54MnN6c1ZiGSqAD7pyhfi2"
    },
    "1163198818427351040": {
        "tkn": "imazC13sHUy7JqrS7AixqmRN9VqFJ8",
        "rt": "IBvaGlnM64IsMTiFCo0mmkrvF7tdSe"
    },
    "1163198818393784500": {
        "tkn": "1PsN3XjEYejQpldPv1Xf0cn6KhTn1E",
        "rt": "rJ4J4xX65HUSPPQOrhEMhRWcUAXOAq"
    },
    "1163198818620280942": {
        "tkn": "Ev3KH3l8YN1Y6lQZCyfxdHOFHpKjkU",
        "rt": "G4Cl2MBISjqfKpE0iFvanQEF6LdiN8"
    },
    "1163198800647704668": {
        "tkn": "IjCjbHKi4YcYdX6gMPHm52EiWaXiv0",
        "rt": "9ePTg2xnh87MG6qrhvEEmuQobNAzSG"
    },
    "1163195762969170040": {
        "tkn": "n1VKl50fzv3pLe39vnRkLZSKSjSqFH",
        "rt": "07fYKLvlTKWl0YWFcgEgWvQ6B23vhg"
    },
    "1163195763145318602": {
        "tkn": "BNbUidBt0jCxyVIErikU2SxSNZbjyX",
        "rt": "QJxYiB01cBBkn8SoAMV3SzsJMQ04VE"
    },
    "1163195762742657117": {
        "tkn": "vEGZ7K4Pr1zDr4HhlnhEo1CCBA6MZV",
        "rt": "6rZcMEkcehGFlmOyIbsSHQSBVfZJOF"
    },
    "1163195763417956352": {
        "tkn": "GAH6TR8QGpY9wmjBFHRSz89cuuslfJ",
        "rt": "tVwjTyCqJbMSfXEDUAeTygJWJ2cRD5"
    },
    "1163198818280538193": {
        "tkn": "t3y1vJR8Vi0f8mLCEM5vTgfsSyhj7N",
        "rt": "9LO9yBjJAVYqUdJlpybgp9VswteQ7M"
    },
    "1163195763086594059": {
        "tkn": "d6seUjNTKW2ecANaa2W56uJO2JvjyZ",
        "rt": "Viw9NHllsTRuhJcNA0Syn8qLjEzlwZ"
    },
    "1163195760083480586": {
        "tkn": "CLvlxlDJ8mPjxLPic5jXoJBFzqOhgI",
        "rt": "vpg5ULgRXDH3GsQbH1iE76JJ5O2a8s"
    },
    "1163198818213437564": {
        "tkn": "vCY5ux66adzfOBEeGw4Vy29AXeJJrv",
        "rt": "cr4ADSDZLEz2oWkFjmFb9TyYAaq1Du"
    },
    "1163195762906255490": {
        "tkn": "1qCnUTOmAKRyT9rdHm7FqrnupcPDFW",
        "rt": "IueMpgQIH3LXizKWwQ1OhtpghEwdlJ"
    },
    "1163198818599325706": {
        "tkn": "GTVzwFaOPOgF2ka9H2R8sSqijYoXvj",
        "rt": "BQvRE1GxHvHtnWHzo4PTAxAjKWjFgD"
    },
    "1163198818226028637": {
        "tkn": "XO2l2iYwwde4H5Q3A5ycldYxwL2HV3",
        "rt": "ILKEwASx2VfhYsjFKSX9AHxn0mQOXy"
    },
    "1163198818532208680": {
        "tkn": "wsKz3EKQupd4QCujyCQklf2asV3EBI",
        "rt": "LyQ2xfv9CzhWF8OLL1XAEW1I3gNQZB"
    },
    "1163195763128533162": {
        "tkn": "lThpYHgSgRYnBfoRSS2gE3pVv5H7Wy",
        "rt": "TyTAxdXADkM8jXl5lpr3ewSG06OmxE"
    },
    "1163198818590920792": {
        "tkn": "o6MfT4zvBfIpuRyCvwDBXSW7IthbJP",
        "rt": "AjUp2H0sCOdopcdJNf1Oz05lcAwh0b"
    },
    "1163198818473492630": {
        "tkn": "XgiLY2Slfm4tTOoDKUF3Oed6N6YemJ",
        "rt": "7bdOBppOwn7dvPFbOxsRjNmqnyKX6J"
    },
    "1163195763594113134": {
        "tkn": "qcWL2BJXDX8NroFimGhecZk3rDz233",
        "rt": "0IT1cQw8sbCFaJJvLr0soLwqaIeqfM"
    },
    "1163195763615076382": {
        "tkn": "W78CaF9KkOHSK7wK4pZWymjad3I8a4",
        "rt": "FrOT1MwX25Szy6mQE48Nv76apGQUcs"
    },
    "1163195763640238201": {
        "tkn": "5t1fN8QfwtLWlb0wb3N4dYLG3lFgdZ",
        "rt": "MaXthdFTeKoPovcbKbwE1365ymlRDc"
    },
    "1163195763795431494": {
        "tkn": "UwzpTpg9pYDEH1wnqNZi3WPKHrKfAE",
        "rt": "01Dr5bMoW9ml0XANnsEEduvXMjcklm"
    },
    "1163195762914623600": {
        "tkn": "fLRXm5OuqCev9qAxADsMXzabzVbbyj",
        "rt": "b0mArnKzc2Cm3ED5nVfL6BPryBGqL8"
    },
    "1163195763812204657": {
        "tkn": "t5hsGfEyVOLVODl8flDe4B5DT5YQDu",
        "rt": "d3oSnvyFdD2RqVF5vWK3R0BrnqyzEi"
    },
    "1163198792502366348": {
        "tkn": "l6i39KpVj1qyVvFWSfv10wjmG1xfiL",
        "rt": "cn9WFKBV19FtvZyNiJDgMsebiVrUBO"
    },
    "1163195763690586152": {
        "tkn": "JvAE8fpmZ76Ab0MLpTz5C7HnLHU4Tk",
        "rt": "vOuoiMO6pnpJZTPDzzDKBdD2GIfaJO"
    },
    "1163195763455688865": {
        "tkn": "WGQMc3ascHogIULHLGFYdpHRmJzI7D",
        "rt": "8SWctmVP0HTAPe9DZGXZPoX5X1WMBQ"
    },
    "1163198818653843526": {
        "tkn": "ReJjAfQryryrLBGfRoNoQBduzfPvhp",
        "rt": "KTX7aO2rTUb6Yz4eKOJbBDB6Dyd93r"
    },
    "1163195763673792574": {
        "tkn": "QrNIilxW3CDynZNJ11vjUBeTYyotMu",
        "rt": "JzKuRd58vspVXn8Mp3opzCB7NcBNe8"
    },
    "1163198818603516014": {
        "tkn": "DkjCpkFk1xHZwphnWIwAVdv5QRv3Dn",
        "rt": "UM209lKBZOkL308UDyQFa32vr9WWHJ"
    },
    "1163198818595110982": {
        "tkn": "QCAmVceCcsZ0psydMhxumBKvZ24zOY",
        "rt": "l2NyNhvaPYqZtsYMp4DdQbvePpM754"
    },
    "1163198818272149546": {
        "tkn": "qlqOqzP98nVCPMRmOkX8XpYWZ2h2tE",
        "rt": "kdds8Pi93v4mMvSDf9eEQapx6Mbq7E"
    },
    "1163198818658042006": {
        "tkn": "AnjIO0Fs1O61vAJvNb42ivMndjLkbw",
        "rt": "a9OB5bz67l8gG67PtxUTT42iA8Vimb"
    },
    "1163198818674810960": {
        "tkn": "Am8ezOpsqLwYkU1FiLgm10hCpvdv68",
        "rt": "pYqS521jfwIyQKiXcmkYbvNT0c4qT6"
    },
    "1163195763694784652": {
        "tkn": "nGiH09Fvmn179DeXnUttP8RC7ETqxg",
        "rt": "VcJEcpMDtkPDEj7oWIvZCXmjEVFYUf"
    },
    "1163198818574139422": {
        "tkn": "zq1dlgHp87IdXH9dtIVSFXfu4VKTt6",
        "rt": "OhISTmlZEXKLT7XCEQd0FU4PeCw79o"
    },
    "1163198818603503626": {
        "tkn": "pUVC1HSg3Y76sMZFdB8OiwxUUBqLhL",
        "rt": "sM37Zft5cc5u9bdhBeMMonhEePdfWG"
    },
    "1163198818410577987": {
        "tkn": "ESAjqM9Qpkt2HFlzwNljsJlRDB1kny",
        "rt": "WMsUXrBXVfdkZR2UvRUPK6rqht0Gf0"
    },
    "1247468385793609778": {
        "tkn": "UqUsejCwdnChE7faxOJgC0muRbJeyR",
        "rt": "ALs9qPoRvbeoiusXjyIOgIITFktoIc"
    },
    "1239903934332538930": {
        "tkn": "G6ENupxV1JFW7gjCr509dkIoPqJcpx",
        "rt": "JlyIa4TL5121TExuxCbcXsKcP0BtI3"
    }
}